,PSNR,SSIM,SAM,Time(sec)
Attention_5,35.048225,0.93956935,0.09676524,3.3031375
Attention_7,35.335842,0.9437935,0.093378745,4.6180696
Attention_9,35.697884,0.9450425,0.09106312,6.180046
DeepSSPrior_5,35.52764,0.9354169,0.09536647,2.8968072
DeepSSPrior_7,36.251884,0.9420126,0.089508355,4.0195255
DeepSSPrior_9,36.49972,0.94464433,0.0886162,5.195705
HSCNN_9,35.640656,0.93502045,0.09298779,3.365654
HyperReconNet,34.294765,0.92421806,0.10673859,15.814998
